{
  "width": 48.62652,
  "height": 31.98795,
  "elements": [
    {
      "type": "Shape",
      "gradientPack": [
        "linear",
        0.00131,
        0.5,
        1,
        0.5,
        0,
        "#393b41",
        0.09,
        "#4a4b50",
        0.27,
        "#767778",
        0.29,
        "#7b7c7d",
        0.38,
        "#77797a",
        0.45,
        "#6d6f71",
        0.52,
        "#5c6063",
        0.53,
        "#5a5e61",
        0.75,
        "#8b8d93",
        1,
        "#4e4f54"
      ],
      "displayName": "",
      "anchorX": 0,
      "anchorY": 0,
      "scaleX": 0.99931,
      "scaleY": 0.99931,
      "shape": "rect",
      "width": 7.62,
      "height": 16.78,
      "x": 20.73574,
      "y": 4.59684
    },
    {
      "type": "Shape",
      "gradientPack": [
        "linear",
        0.50023,
        1,
        0.50023,
        0,
        0,
        "#575557",
        0.09,
        "#676668",
        0.28,
        "#919294",
        0.31,
        "#9a9b9d",
        0.43,
        "#979899",
        0.52,
        "#8f8f8f",
        0.53,
        "#8f8f8f",
        0.75,
        "#e3e3e3",
        0.97,
        "#8b8b8b",
        1,
        "gray"
      ],
      "displayName": "",
      "anchorX": 0,
      "anchorY": 0,
      "scaleX": 0.99931,
      "scaleY": 0.99931,
      "shape": "rect",
      "width": 22.21,
      "height": 9.43,
      "x": 13.44076,
      "y": 19.42664
    },
    {
      "type": "Shape",
      "gradientPack": [
        "linear",
        0.50038,
        1,
        0.50038,
        0,
        0,
        "#575557",
        0.09,
        "#676668",
        0.28,
        "#919294",
        0.31,
        "#9a9b9d",
        0.43,
        "#979899",
        0.52,
        "#8f8f8f",
        0.53,
        "#8f8f8f",
        0.75,
        "#e3e3e3",
        0.97,
        "#8b8b8b",
        1,
        "gray"
      ],
      "displayName": "",
      "anchorX": 0,
      "anchorY": 0,
      "scaleX": 0.99931,
      "scaleY": 0.99931,
      "shape": "rect",
      "width": 13.27,
      "height": 16.66,
      "x": 0,
      "y": 15.33945
    },
    {
      "type": "Shape",
      "gradientPack": [
        "linear",
        0.50038,
        1,
        0.50038,
        0,
        0,
        "#575557",
        0.09,
        "#676668",
        0.28,
        "#919294",
        0.31,
        "#9a9b9d",
        0.43,
        "#979899",
        0.52,
        "#8f8f8f",
        0.53,
        "#8f8f8f",
        0.75,
        "#e3e3e3",
        0.97,
        "#8b8b8b",
        1,
        "gray"
      ],
      "displayName": "",
      "anchorX": 0,
      "anchorY": 0,
      "scaleX": 0.99931,
      "scaleY": 0.99931,
      "shape": "rect",
      "width": 13.27,
      "height": 16.66,
      "x": 35.36568,
      "y": 15.33945
    },
    {
      "type": "Shape",
      "gradientPack": [
        "linear",
        1.12855,
        0.46909,
        0.12855,
        0.46909,
        0,
        "rgba(0, 0, 0, 0.8)",
        1,
        "rgba(128, 128, 128, 0)"
      ],
      "opacity": 0.62,
      "displayName": "",
      "anchorX": 0,
      "anchorY": 0,
      "scaleX": 0.99931,
      "scaleY": 0.99931,
      "rotation": -3.14159,
      "shape": "rect",
      "width": 2.36,
      "height": 9.41,
      "x": 15.61926,
      "y": 28.85016
    },
    {
      "type": "Shape",
      "gradientPack": [
        "linear",
        1,
        0.49948,
        0,
        0.49948,
        0,
        "rgba(0, 0, 0, 0.8)",
        1,
        "rgba(128, 128, 128, 0)"
      ],
      "opacity": 0.62,
      "displayName": "",
      "anchorX": 0,
      "anchorY": 0,
      "scaleX": 0.99931,
      "scaleY": 0.99931,
      "shape": "rect",
      "width": 2.36,
      "height": 9.57,
      "x": 33.01729,
      "y": 19.40665
    },
    {
      "type": "Shape",
      "gradientPack": [
        "linear",
        0.50432,
        -0.00823,
        0.50432,
        0.99177,
        0,
        "#575557",
        0.09,
        "#676668",
        0.28,
        "#919294",
        0.31,
        "#9a9b9d",
        0.46,
        "#b5b6b7",
        0.68,
        "#e3e3e3",
        0.96,
        "#8b8b8b",
        1,
        "gray"
      ],
      "displayName": "",
      "anchorX": 0,
      "anchorY": 0,
      "scaleX": 0.99931,
      "scaleY": 0.99931,
      "rotation": -1.5708,
      "shape": "rect",
      "width": 4.87,
      "height": 32.03,
      "x": 8.53413,
      "y": 5.9559
    },
    {
      "type": "Polyline",
      "gradientPack": [
        "linear",
        0,
        0.49541,
        1,
        0.49541,
        0,
        "#454547",
        0.09,
        "#555657",
        0.28,
        "#7f8281",
        0.31,
        "#868988",
        0.6,
        "#9c9fa3",
        0.68,
        "#a3a7ac",
        1,
        "#505256"
      ],
      "displayName": "",
      "points": [
        {
          "x": 40.54212,
          "y": 1.08925
        },
        {
          "x": 38.8333,
          "y": 0
        },
        {
          "x": 10.14302,
          "y": 0
        },
        {
          "x": 8.53413,
          "y": 1.08925
        },
        {
          "x": 40.54212,
          "y": 1.08925
        },
        {
          "x": 40.54212,
          "y": 1.08925
        }
      ],
      "segments": [
        1,
        2,
        2,
        2,
        2,
        2,
        5
      ]
    },
    {
      "type": "Shape",
      "gradientPack": [
        "linear",
        1.02241,
        0.49126,
        0.02241,
        0.49126,
        0,
        "#808083",
        0.14,
        "#919092",
        0.31,
        "#abaaaa",
        0.5,
        "#c5c5c5",
        0.68,
        "#e3e3e3",
        1,
        "#9c9f9e"
      ],
      "displayName": "",
      "anchorX": 0,
      "anchorY": 0,
      "scaleX": 0.99931,
      "scaleY": 0.99931,
      "rotation": -1.5708,
      "shape": "rect",
      "width": 0.65,
      "height": 32.03,
      "x": 8.54412,
      "y": 5.94591
    },
    {
      "type": "Shape",
      "gradientPack": [
        "linear",
        0.50105,
        -0.06113,
        0.50105,
        0.93887,
        0,
        "#5b5b5a",
        0.13,
        "#6b6a6b",
        0.31,
        "#868587",
        0.47,
        "#838283",
        0.53,
        "gray",
        0.75,
        "#d6d7d7",
        1,
        "#8d8c8d"
      ],
      "displayName": "",
      "anchorX": 0,
      "anchorY": 0,
      "scaleX": 0.99931,
      "scaleY": 0.99931,
      "rotation": -1.5708,
      "shape": "rect",
      "width": 1.65,
      "height": 4.23,
      "x": 32.70751,
      "y": 7.5648
    },
    {
      "type": "Shape",
      "gradientPack": [
        "linear",
        0.50534,
        -0.06517,
        0.50534,
        0.93483,
        0,
        "#5b5b5a",
        0.13,
        "#6b6a6b",
        0.31,
        "#868587",
        0.47,
        "#838283",
        0.53,
        "gray",
        0.75,
        "#d6d7d7",
        1,
        "#8d8c8d"
      ],
      "displayName": "",
      "anchorX": 0,
      "anchorY": 0,
      "scaleX": 0.99931,
      "scaleY": 0.99931,
      "rotation": -1.5708,
      "shape": "rect",
      "width": 1.65,
      "height": 4.23,
      "x": 22.40459,
      "y": 7.5648
    },
    {
      "type": "Shape",
      "gradientPack": [
        "linear",
        0.50964,
        -0.06685,
        0.50964,
        0.93315,
        0,
        "#5b5b5a",
        0.13,
        "#6b6a6b",
        0.31,
        "#868587",
        0.47,
        "#838283",
        0.53,
        "gray",
        0.75,
        "#d6d7d7",
        1,
        "#8d8c8d"
      ],
      "displayName": "",
      "anchorX": 0,
      "anchorY": 0,
      "scaleX": 0.99931,
      "scaleY": 0.99931,
      "rotation": -1.5708,
      "shape": "rect",
      "width": 1.65,
      "height": 4.23,
      "x": 12.10168,
      "y": 7.5648
    }
  ],
  "bind": [],
  "cacheRule": true
}