{
  "width": 81.4859,
  "height": 202.93924,
  "elements": [
    {
      "type": "Shape",
      "gradientPack": [
        "linear",
        -0.12437,
        0.49936,
        0.98249,
        0.49936,
        0,
        "#575557",
        0.09,
        "#676668",
        0.28,
        "#919294",
        0.31,
        "#9a9b9d",
        0.43,
        "#979899",
        0.52,
        "#8f8f8f",
        0.53,
        "#8f8f8f",
        0.75,
        "#e3e3e3",
        0.97,
        "#8b8b8b",
        1,
        "gray"
      ],
      "cornerRadius": [
        1.93867,
        1.93867,
        1.93867,
        1.93867
      ],
      "displayName": "",
      "anchorX": 0,
      "anchorY": 0,
      "scaleX": 0.99931,
      "scaleY": 0.99931,
      "shape": "roundRect",
      "width": 26.40895,
      "height": 7.40923,
      "x": 25.48532,
      "y": 15.6666
    },
    {
      "type": "Shape",
      "gradientPack": [
        "linear",
        -0.12438,
        0.4991,
        0.98235,
        0.4991,
        0,
        "#575557",
        0.09,
        "#676668",
        0.28,
        "#919294",
        0.31,
        "#9a9b9d",
        0.43,
        "#979899",
        0.52,
        "#8f8f8f",
        0.53,
        "#8f8f8f",
        0.75,
        "#e3e3e3",
        0.97,
        "#8b8b8b",
        1,
        "gray"
      ],
      "displayName": "",
      "anchorX": 0,
      "anchorY": 0,
      "scaleX": 0.99931,
      "scaleY": 0.99931,
      "shape": "rect",
      "width": 22.99221,
      "height": 5.23837,
      "x": 27.19252,
      "y": 23.05186
    },
    {
      "type": "Shape",
      "gradientPack": [
        "linear",
        -0.12439,
        0.5,
        0.98266,
        0.5,
        0,
        "#575557",
        0.09,
        "#676668",
        0.28,
        "#919294",
        0.31,
        "#9a9b9d",
        0.43,
        "#979899",
        0.52,
        "#8f8f8f",
        0.53,
        "#8f8f8f",
        0.75,
        "#e3e3e3",
        0.97,
        "#8b8b8b",
        1,
        "gray"
      ],
      "displayName": "",
      "anchorX": 0,
      "anchorY": 0,
      "scaleX": 0.99931,
      "scaleY": 0.99931,
      "shape": "rect",
      "width": 34.8281,
      "height": 30.71291,
      "x": 21.27864,
      "y": 30.84272
    },
    {
      "type": "Shape",
      "gradientPack": [
        "linear",
        -0.12419,
        0.49722,
        0.98291,
        0.49722,
        0,
        "#393b41",
        0.07,
        "#4a4b50",
        0.22,
        "#767779",
        0.29,
        "#8e8e8f",
        0.37,
        "#8a8b8c",
        0.43,
        "#808183",
        0.48,
        "#6f7274",
        0.53,
        "#5a5e61",
        0.75,
        "#a2a7ae",
        0.99,
        "#505156",
        1,
        "#4e4f54"
      ],
      "displayName": "",
      "anchorX": 0,
      "anchorY": 0,
      "scaleX": 0.99931,
      "scaleY": 0.99931,
      "shape": "rect",
      "width": 24.85159,
      "height": 3.39786,
      "x": 26.25875,
      "y": 64.11888
    },
    {
      "type": "Shape",
      "gradientPack": [
        "linear",
        -0.12419,
        0.50053,
        0.98291,
        0.50053,
        0,
        "#575557",
        0.09,
        "#676668",
        0.28,
        "#919294",
        0.31,
        "#9a9b9d",
        0.43,
        "#979899",
        0.52,
        "#8f8f8f",
        0.53,
        "#8f8f8f",
        0.75,
        "#e3e3e3",
        0.97,
        "#8b8b8b",
        1,
        "gray"
      ],
      "displayName": "",
      "anchorX": 0,
      "anchorY": 0,
      "scaleX": 0.99931,
      "scaleY": 0.99931,
      "shape": "rect",
      "width": 24.85159,
      "height": 8.82501,
      "x": 26.25875,
      "y": 67.44839
    },
    {
      "type": "Shape",
      "gradientPack": [
        "linear",
        -0.12439,
        0.5,
        0.98275,
        0.5,
        0,
        "#575557",
        0.09,
        "#676668",
        0.28,
        "#919294",
        0.31,
        "#9a9b9d",
        0.43,
        "#979899",
        0.52,
        "#8f8f8f",
        0.53,
        "#8f8f8f",
        0.75,
        "#e3e3e3",
        0.97,
        "#8b8b8b",
        1,
        "gray"
      ],
      "displayName": "",
      "anchorX": 0,
      "anchorY": 0,
      "scaleX": 0.99931,
      "scaleY": 0.99931,
      "shape": "rect",
      "width": 36.64973,
      "height": 3.13358,
      "x": 20.36373,
      "y": 76.27677
    },
    {
      "type": "Polyline",
      "gradientPack": [
        "linear",
        -0.12439,
        0.49814,
        0.98266,
        0.49814,
        0,
        "#605f61",
        0.07,
        "#6f6e72",
        0.22,
        "#98989e",
        0.31,
        "#b2b3bb",
        0.4,
        "#afb0b7",
        0.48,
        "#a8a7ad",
        0.53,
        "#a09ea3",
        0.75,
        "#fff",
        0.97,
        "#a8a7ab",
        1,
        "#9c9b9f"
      ],
      "displayName": "",
      "points": [
        {
          "x": 56.0828,
          "y": 30.85215
        },
        {
          "x": 21.27864,
          "y": 30.85215
        },
        {
          "x": 23.6838,
          "y": 28.31493
        },
        {
          "x": 53.98889,
          "y": 28.31493
        },
        {
          "x": 56.0828,
          "y": 30.85215
        },
        {
          "x": 56.0828,
          "y": 30.85215
        }
      ],
      "segments": [
        1,
        2,
        2,
        2,
        2,
        2,
        5
      ]
    },
    {
      "type": "Polyline",
      "gradientPack": [
        "linear",
        -0.12439,
        0.50186,
        0.98266,
        0.50186,
        0,
        "#393b41",
        0.09,
        "#4a4b50",
        0.27,
        "#767778",
        0.29,
        "#7b7c7d",
        0.38,
        "#77797a",
        0.45,
        "#6d6f71",
        0.52,
        "#5c6063",
        0.53,
        "#5a5e61",
        0.75,
        "#8b8d93",
        1,
        "#4e4f54"
      ],
      "displayName": "",
      "points": [
        {
          "x": 56.0828,
          "y": 61.58167
        },
        {
          "x": 21.27864,
          "y": 61.58167
        },
        {
          "x": 23.6838,
          "y": 64.11888
        },
        {
          "x": 53.98889,
          "y": 64.11888
        },
        {
          "x": 56.0828,
          "y": 61.58167
        },
        {
          "x": 56.0828,
          "y": 61.58167
        }
      ],
      "segments": [
        1,
        2,
        2,
        2,
        2,
        2,
        5
      ]
    },
    {
      "type": "Polyline",
      "borderWidth": 0.99931,
      "borderColor": "#000000",
      "displayName": "",
      "points": [
        {
          "x": 51.87611,
          "y": 21.24091
        },
        {
          "x": 59.28026,
          "y": 22.66515
        },
        {
          "x": 68.5708,
          "y": 20.82591
        },
        {
          "x": 75.0506,
          "y": 21.5616
        },
        {
          "x": 79.45535,
          "y": 20.70329
        }
      ]
    },
    {
      "type": "Shape",
      "background": "#000000",
      "displayName": "",
      "anchorX": 0,
      "anchorY": 0,
      "scaleX": 0.99931,
      "scaleY": 0.99931,
      "rotation": -0.20822,
      "shape": "rect",
      "width": 3.06752,
      "height": 1.84051,
      "x": 78.1065,
      "y": 19.84075
    },
    {
      "type": "Shape",
      "background": {
        "func": "attr@background",
        "value": "#f68d24"
      },
      "gradientPack": [
        "linear",
        0.5,
        0,
        0.5,
        1,
        0,
        "#feba7d",
        1,
        "#70f2aa"
      ],
      "fillClipDirection": "bottom",
      "fillClipPercentage": {
        "func": "attr@fillClipPercentage",
        "value": 1.02
      },
      "displayName": "",
      "anchorX": 0,
      "anchorY": 0,
      "scaleX": 0.99931,
      "scaleY": 0.99931,
      "shape": "rect",
      "width": 22.3787,
      "height": 123.27655,
      "x": 26.88125,
      "y": 79.74775
    }
  ],